-- MySQL dump 10.13  Distrib 8.0.31, for Linux (x86_64)
--
-- Host: 95.217.222.91    Database: elfys
-- ------------------------------------------------------
-- Server version	8.0.31-0ubuntu0.22.04.1

/*!40101 SET @OLD_CHARACTER_SET_CLIENT=@@CHARACTER_SET_CLIENT */;
/*!40101 SET @OLD_CHARACTER_SET_RESULTS=@@CHARACTER_SET_RESULTS */;
/*!40101 SET @OLD_COLLATION_CONNECTION=@@COLLATION_CONNECTION */;
/*!50503 SET NAMES utf8mb4 */;
/*!40103 SET @OLD_TIME_ZONE=@@TIME_ZONE */;
/*!40103 SET TIME_ZONE='+00:00' */;
/*!40014 SET @OLD_UNIQUE_CHECKS=@@UNIQUE_CHECKS, UNIQUE_CHECKS=0 */;
/*!40014 SET @OLD_FOREIGN_KEY_CHECKS=@@FOREIGN_KEY_CHECKS, FOREIGN_KEY_CHECKS=0 */;
/*!40101 SET @OLD_SQL_MODE=@@SQL_MODE, SQL_MODE='NO_AUTO_VALUE_ON_ZERO' */;
/*!40111 SET @OLD_SQL_NOTES=@@SQL_NOTES, SQL_NOTES=0 */;

--
-- Table structure for table `alembic_version`
--

DROP TABLE IF EXISTS `alembic_version`;
/*!40101 SET @saved_cs_client     = @@character_set_client */;
/*!50503 SET character_set_client = utf8mb4 */;
CREATE TABLE `alembic_version` (
  `version_num` varchar(32) NOT NULL,
  PRIMARY KEY (`version_num`)
) ENGINE=InnoDB DEFAULT CHARSET=utf8mb4 COLLATE=utf8mb4_0900_ai_ci;
/*!40101 SET character_set_client = @saved_cs_client */;

--
-- Dumping data for table `alembic_version`
--
-- WHERE:  1 limit 100

LOCK TABLES `alembic_version` WRITE;
/*!40000 ALTER TABLE `alembic_version` DISABLE KEYS */;
INSERT INTO `alembic_version` VALUES ('110b185fbc52');
/*!40000 ALTER TABLE `alembic_version` ENABLE KEYS */;
UNLOCK TABLES;

--
-- Table structure for table `carrier`
--

DROP TABLE IF EXISTS `carrier`;
/*!40101 SET @saved_cs_client     = @@character_set_client */;
/*!50503 SET character_set_client = utf8mb4 */;
CREATE TABLE `carrier` (
  `id` smallint NOT NULL AUTO_INCREMENT,
  `name` varchar(100) NOT NULL,
  PRIMARY KEY (`id`),
  UNIQUE KEY `carrier_name` (`name`)
) ENGINE=InnoDB AUTO_INCREMENT=11 DEFAULT CHARSET=utf8mb4 COLLATE=utf8mb4_0900_ai_ci;
/*!40101 SET character_set_client = @saved_cs_client */;

--
-- Dumping data for table `carrier`
--
-- WHERE:  1 limit 100

LOCK TABLES `carrier` WRITE;
/*!40000 ALTER TABLE `carrier` DISABLE KEYS */;
INSERT INTO `carrier` VALUES (5,'Ceramic'),(2,'ESA PCB V1'),(3,'ESA PCB V2'),(4,'ESA PCB V3'),(1,'Evaluation PCB'),(7,'PD module V1'),(8,'PD module V2'),(9,'PD module V3'),(6,'TO-can'),(10,'XG lab PCB');
/*!40000 ALTER TABLE `carrier` ENABLE KEYS */;
UNLOCK TABLES;

--
-- Table structure for table `chip`
--

DROP TABLE IF EXISTS `chip`;
/*!40101 SET @saved_cs_client     = @@character_set_client */;
/*!50503 SET character_set_client = utf8mb4 */;
CREATE TABLE `chip` (
  `id` int NOT NULL AUTO_INCREMENT,
  `wafer_id` int NOT NULL,
  `name` varchar(20) NOT NULL,
  `type` char(1) GENERATED ALWAYS AS (substr(`name`,1,1)) VIRTUAL,
  PRIMARY KEY (`id`),
  UNIQUE KEY `unique_chip` (`name`,`wafer_id`),
  KEY `ix_chip_wafer_id` (`wafer_id`),
  CONSTRAINT `chip__wafer` FOREIGN KEY (`wafer_id`) REFERENCES `wafer` (`id`) ON DELETE RESTRICT ON UPDATE CASCADE
) ENGINE=InnoDB AUTO_INCREMENT=9060 DEFAULT CHARSET=utf8mb4 COLLATE=utf8mb4_0900_ai_ci;
/*!40101 SET character_set_client = @saved_cs_client */;

--
-- Dumping data for table `chip`
--
-- WHERE:  1 limit 100

LOCK TABLES `chip` WRITE;
/*!40000 ALTER TABLE `chip` DISABLE KEYS */;
INSERT INTO `chip` (`id`, `wafer_id`, `name`) VALUES (1,1,'U0907'),(2,1,'U0709'),(3,1,'U0903'),(4,1,'U0702'),(5,1,'U0703'),(6,1,'U0208'),(7,1,'U0804'),(8,1,'U0605'),(9,1,'U0207'),(10,1,'U0506'),(11,1,'U0108'),(12,1,'U1105'),(13,1,'U0603'),(14,1,'U0607'),(15,1,'U0210'),(16,1,'U1102'),(17,1,'U0604'),(18,1,'U0706'),(19,1,'U0206'),(20,1,'U0707'),(21,1,'U0311'),(22,1,'U1104'),(23,1,'U0704'),(24,1,'U0608'),(25,1,'U0503'),(26,1,'U0110'),(27,1,'U0209'),(28,1,'U0904'),(29,1,'U0407'),(30,1,'U0404'),(31,1,'U0902'),(32,1,'U0406'),(33,1,'U0309'),(34,1,'U1002'),(35,1,'U0802'),(36,1,'U1006'),(37,1,'U0111'),(38,1,'U0508'),(39,1,'U0505'),(40,1,'U0805'),(41,1,'U0308'),(42,1,'U0310'),(43,1,'U0408'),(44,1,'U0905'),(45,1,'U0411'),(46,1,'U0507'),(47,1,'U0705'),(48,1,'U1005'),(49,1,'U0504'),(50,1,'U0801'),(51,1,'X0101'),(52,1,'X0102'),(53,1,'X0103'),(54,1,'X0104'),(55,1,'X0105'),(56,1,'X0106'),(57,1,'X0107'),(58,1,'X0108'),(59,1,'X0109'),(60,1,'X0110'),(61,1,'X0111'),(62,1,'X0112'),(63,1,'X0113'),(64,1,'X0114'),(65,1,'X0115'),(66,1,'X0116'),(67,1,'X0117'),(68,1,'X0118'),(69,1,'X0119'),(70,1,'X0120'),(81,7,'Y0102'),(84,7,'Y0113'),(85,7,'Y0114'),(86,7,'Y0115'),(87,7,'Y0116'),(88,7,'Y0103'),(105,7,'Y0112'),(106,7,'X0118'),(107,7,'Y0105'),(108,7,'Y0120'),(109,7,'Y0121'),(110,7,'Y0122'),(111,7,'Y0123'),(112,7,'Y0124'),(113,7,'Y0126'),(116,7,'Y0201'),(119,9,'Y1022'),(120,9,'Y1112'),(121,9,'Y1023'),(122,9,'Y1108'),(123,9,'Y1118'),(124,9,'Y1019'),(125,9,'Y1113'),(126,9,'Y1204'),(127,9,'Y1105'),(128,9,'Y1203'),(129,9,'Y1119'),(130,9,'Y1603'),(131,9,'Y1103'),(132,9,'Y1102');
/*!40000 ALTER TABLE `chip` ENABLE KEYS */;
UNLOCK TABLES;

--
-- Table structure for table `chip_state`
--

DROP TABLE IF EXISTS `chip_state`;
/*!40101 SET @saved_cs_client     = @@character_set_client */;
/*!50503 SET character_set_client = utf8mb4 */;
CREATE TABLE `chip_state` (
  `id` int NOT NULL,
  `name` varchar(100) NOT NULL COMMENT 'Chip state is used to indicate the state of corresponding chip during measurement (iv_data)',
  PRIMARY KEY (`id`),
  UNIQUE KEY `chip_state_name` (`name`)
) ENGINE=InnoDB DEFAULT CHARSET=utf8mb4 COLLATE=utf8mb4_0900_ai_ci;
/*!40101 SET character_set_client = @saved_cs_client */;

--
-- Dumping data for table `chip_state`
--
-- WHERE:  1 limit 100

LOCK TABLES `chip_state` WRITE;
/*!40000 ALTER TABLE `chip_state` DISABLE KEYS */;
INSERT INTO `chip_state` VALUES (3,'after die bonding'),(11,'after glob-topping'),(5,'after optical epoxy'),(6,'after PCB dicing'),(12,'after reflow'),(7,'after resist removal'),(9,'after TO-can no glass packaging'),(10,'after TO-can with ball lens packaging'),(8,'after TO-can with glass packaging'),(2,'after wafer dicing'),(4,'after wire bonding'),(1,'before wafer dicing');
/*!40000 ALTER TABLE `chip_state` ENABLE KEYS */;
UNLOCK TABLES;

--
-- Table structure for table `cv_data`
--

DROP TABLE IF EXISTS `cv_data`;
/*!40101 SET @saved_cs_client     = @@character_set_client */;
/*!50503 SET character_set_client = utf8mb4 */;
CREATE TABLE `cv_data` (
  `id` int NOT NULL AUTO_INCREMENT,
  `voltage_input` decimal(10,5) NOT NULL,
  `capacitance` float NOT NULL,
  `chip_state_id` int NOT NULL,
  `chip_id` int NOT NULL,
  `datetime` datetime NOT NULL DEFAULT CURRENT_TIMESTAMP,
  PRIMARY KEY (`id`),
  KEY `ix_cv_data_chip_id` (`chip_id`),
  KEY `ix_cv_data_chip_state_id` (`chip_state_id`),
  CONSTRAINT `cv_data__chip` FOREIGN KEY (`chip_id`) REFERENCES `chip` (`id`) ON DELETE CASCADE ON UPDATE CASCADE,
  CONSTRAINT `cv_data__chip_state` FOREIGN KEY (`chip_state_id`) REFERENCES `chip_state` (`id`) ON DELETE RESTRICT ON UPDATE CASCADE
) ENGINE=InnoDB AUTO_INCREMENT=12667 DEFAULT CHARSET=utf8mb4 COLLATE=utf8mb4_0900_ai_ci;
/*!40101 SET character_set_client = @saved_cs_client */;

--
-- Dumping data for table `cv_data`
--
-- WHERE:  1 limit 100

LOCK TABLES `cv_data` WRITE;
/*!40000 ALTER TABLE `cv_data` DISABLE KEYS */;
INSERT INTO `cv_data` VALUES (1,-5.00000,0.00000000001223,2,164,'2022-08-23 12:32:37'),(2,-4.95000,0.00000000001222,2,164,'2022-08-23 12:32:37'),(3,-4.90000,0.00000000001248,2,164,'2022-08-23 12:32:37'),(4,-4.85000,0.0000000000126,2,164,'2022-08-23 12:32:37'),(5,-4.80000,0.00000000001273,2,164,'2022-08-23 12:32:37'),(6,-4.75000,0.00000000001254,2,164,'2022-08-23 12:32:37'),(7,-4.70000,0.00000000001273,2,164,'2022-08-23 12:32:37'),(8,-4.65000,0.0000000000126,2,164,'2022-08-23 12:32:37'),(9,-4.60000,0.00000000001279,2,164,'2022-08-23 12:32:37'),(10,-4.55000,0.00000000001267,2,164,'2022-08-23 12:32:37'),(11,-4.50000,0.00000000001289,2,164,'2022-08-23 12:32:37'),(12,-4.45000,0.00000000001331,2,164,'2022-08-23 12:32:37'),(13,-4.40000,0.0000000000133,2,164,'2022-08-23 12:32:37'),(14,-4.35000,0.00000000001334,2,164,'2022-08-23 12:32:37'),(15,-4.30000,0.0000000000133,2,164,'2022-08-23 12:32:37'),(16,-4.25000,0.00000000001341,2,164,'2022-08-23 12:32:37'),(17,-4.20000,0.00000000001311,2,164,'2022-08-23 12:32:37'),(18,-4.15000,0.00000000001343,2,164,'2022-08-23 12:32:37'),(19,-4.10000,0.00000000001366,2,164,'2022-08-23 12:32:37'),(20,-4.05000,0.00000000001346,2,164,'2022-08-23 12:32:37'),(21,-4.00000,0.00000000001376,2,164,'2022-08-23 12:32:37'),(22,-3.95000,0.00000000001367,2,164,'2022-08-23 12:32:37'),(23,-3.90000,0.00000000001371,2,164,'2022-08-23 12:32:37'),(24,-3.85000,0.00000000001402,2,164,'2022-08-23 12:32:37'),(25,-3.80000,0.00000000001426,2,164,'2022-08-23 12:32:37'),(26,-3.75000,0.00000000001387,2,164,'2022-08-23 12:32:37'),(27,-3.70000,0.0000000000139,2,164,'2022-08-23 12:32:37'),(28,-3.65000,0.00000000001417,2,164,'2022-08-23 12:32:37'),(29,-3.60000,0.00000000001431,2,164,'2022-08-23 12:32:37'),(30,-3.55000,0.00000000001456,2,164,'2022-08-23 12:32:37'),(31,-3.50000,0.00000000001446,2,164,'2022-08-23 12:32:37'),(32,-3.45000,0.00000000001451,2,164,'2022-08-23 12:32:37'),(33,-3.40000,0.00000000001482,2,164,'2022-08-23 12:32:37'),(34,-3.35000,0.00000000001488,2,164,'2022-08-23 12:32:37'),(35,-3.30000,0.00000000001437,2,164,'2022-08-23 12:32:37'),(36,-3.25000,0.00000000001482,2,164,'2022-08-23 12:32:37'),(37,-3.20000,0.00000000001535,2,164,'2022-08-23 12:32:37'),(38,-3.15000,0.00000000001529,2,164,'2022-08-23 12:32:37'),(39,-3.10000,0.00000000001514,2,164,'2022-08-23 12:32:37'),(40,-3.05000,0.00000000001521,2,164,'2022-08-23 12:32:37'),(41,-3.00000,0.00000000001568,2,164,'2022-08-23 12:32:37'),(42,-2.95000,0.00000000001566,2,164,'2022-08-23 12:32:37'),(43,-2.90000,0.00000000001548,2,164,'2022-08-23 12:32:37'),(44,-2.85000,0.0000000000159,2,164,'2022-08-23 12:32:37'),(45,-2.80000,0.00000000001613,2,164,'2022-08-23 12:32:37'),(46,-2.75000,0.00000000001612,2,164,'2022-08-23 12:32:37'),(47,-2.70000,0.00000000001609,2,164,'2022-08-23 12:32:37'),(48,-2.65000,0.0000000000163,2,164,'2022-08-23 12:32:37'),(49,-2.60000,0.00000000001659,2,164,'2022-08-23 12:32:37'),(50,-2.55000,0.00000000001677,2,164,'2022-08-23 12:32:37'),(51,-2.50000,0.00000000001683,2,164,'2022-08-23 12:32:37'),(52,-2.45000,0.00000000001691,2,164,'2022-08-23 12:32:37'),(53,-2.40000,0.00000000001672,2,164,'2022-08-23 12:32:37'),(54,-2.35000,0.00000000001719,2,164,'2022-08-23 12:32:37'),(55,-2.30000,0.00000000001698,2,164,'2022-08-23 12:32:37'),(56,-2.25000,0.0000000000173,2,164,'2022-08-23 12:32:37'),(57,-2.20000,0.00000000001796,2,164,'2022-08-23 12:32:37'),(58,-2.15000,0.00000000001759,2,164,'2022-08-23 12:32:37'),(59,-2.10000,0.00000000001818,2,164,'2022-08-23 12:32:37'),(60,-2.05000,0.00000000001815,2,164,'2022-08-23 12:32:37'),(61,-2.00000,0.0000000000186,2,164,'2022-08-23 12:32:37'),(62,-1.95000,0.00000000001877,2,164,'2022-08-23 12:32:37'),(63,-1.90000,0.00000000001908,2,164,'2022-08-23 12:32:37'),(64,-1.85000,0.0000000000194,2,164,'2022-08-23 12:32:37'),(65,-1.80000,0.0000000000194,2,164,'2022-08-23 12:32:37'),(66,-1.75000,0.0000000000196,2,164,'2022-08-23 12:32:37'),(67,-1.70000,0.00000000002,2,164,'2022-08-23 12:32:37'),(68,-1.65000,0.0000000000205,2,164,'2022-08-23 12:32:37'),(69,-1.60000,0.0000000000203,2,164,'2022-08-23 12:32:37'),(70,-1.55000,0.0000000000209,2,164,'2022-08-23 12:32:37'),(71,-1.50000,0.0000000000212,2,164,'2022-08-23 12:32:37'),(72,-1.45000,0.0000000000217,2,164,'2022-08-23 12:32:37'),(73,-1.40000,0.0000000000218,2,164,'2022-08-23 12:32:37'),(74,-1.35000,0.0000000000224,2,164,'2022-08-23 12:32:37'),(75,-1.30000,0.0000000000226,2,164,'2022-08-23 12:32:37'),(76,-1.25000,0.000000000023,2,164,'2022-08-23 12:32:37'),(77,-1.20000,0.0000000000232,2,164,'2022-08-23 12:32:37'),(78,-1.15000,0.0000000000232,2,164,'2022-08-23 12:32:37'),(79,-1.10000,0.0000000000238,2,164,'2022-08-23 12:32:37'),(80,-1.05000,0.0000000000246,2,164,'2022-08-23 12:32:37'),(81,-1.00000,0.0000000000248,2,164,'2022-08-23 12:32:37'),(82,-0.95000,0.0000000000254,2,164,'2022-08-23 12:32:37'),(83,-0.90000,0.0000000000257,2,164,'2022-08-23 12:32:37'),(84,-0.85000,0.0000000000263,2,164,'2022-08-23 12:32:37'),(85,-0.80000,0.0000000000265,2,164,'2022-08-23 12:32:37'),(86,-0.75000,0.0000000000273,2,164,'2022-08-23 12:32:37'),(87,-0.70000,0.0000000000278,2,164,'2022-08-23 12:32:37'),(88,-0.65000,0.0000000000283,2,164,'2022-08-23 12:32:37'),(89,-0.60000,0.0000000000295,2,164,'2022-08-23 12:32:37'),(90,-0.55000,0.0000000000298,2,164,'2022-08-23 12:32:37'),(91,-0.50000,0.000000000031,2,164,'2022-08-23 12:32:37'),(92,-0.45000,0.0000000000316,2,164,'2022-08-23 12:32:37'),(93,-0.40000,0.0000000000326,2,164,'2022-08-23 12:32:37'),(94,-0.35000,0.0000000000338,2,164,'2022-08-23 12:32:37'),(95,-0.30000,0.0000000000348,2,164,'2022-08-23 12:32:37'),(96,-0.25000,0.0000000000364,2,164,'2022-08-23 12:32:37'),(97,-0.20000,0.0000000000378,2,164,'2022-08-23 12:32:37'),(98,-0.15000,0.0000000000397,2,164,'2022-08-23 12:32:37'),(99,-0.10000,0.0000000000418,2,164,'2022-08-23 12:32:37'),(100,-0.05000,0.0000000000442,2,164,'2022-08-23 12:32:37');
/*!40000 ALTER TABLE `cv_data` ENABLE KEYS */;
UNLOCK TABLES;

--
-- Table structure for table `eqe_conditions`
--

DROP TABLE IF EXISTS `eqe_conditions`;
/*!40101 SET @saved_cs_client     = @@character_set_client */;
/*!50503 SET character_set_client = utf8mb4 */;
CREATE TABLE `eqe_conditions` (
  `id` int NOT NULL AUTO_INCREMENT,
  `chip_id` int NOT NULL,
  `chip_state_id` int NOT NULL,
  `datetime` datetime NOT NULL DEFAULT CURRENT_TIMESTAMP,
  `bias` float NOT NULL,
  `averaging` int NOT NULL,
  `dark_current` float NOT NULL,
  `temperature` float NOT NULL,
  `ddc` varchar(100) DEFAULT NULL,
  `calibration_file` varchar(100) NOT NULL,
  `session_id` int NOT NULL,
  `instrument_id` smallint DEFAULT NULL,
  `carrier_id` smallint NOT NULL,
  `comment` text,
  PRIMARY KEY (`id`),
  KEY `eqe_conditions__carrier` (`carrier_id`),
  KEY `eqe_conditions__instrument` (`instrument_id`),
  KEY `ix_eqe_conditions_chip_id` (`chip_id`),
  KEY `ix_eqe_conditions_chip_state_id` (`chip_state_id`),
  KEY `ix_eqe_conditions_session_id` (`session_id`),
  CONSTRAINT `eqe_conditions__carrier` FOREIGN KEY (`carrier_id`) REFERENCES `carrier` (`id`) ON DELETE RESTRICT ON UPDATE CASCADE,
  CONSTRAINT `eqe_conditions__chip` FOREIGN KEY (`chip_id`) REFERENCES `chip` (`id`) ON DELETE CASCADE ON UPDATE CASCADE,
  CONSTRAINT `eqe_conditions__chip_state` FOREIGN KEY (`chip_state_id`) REFERENCES `chip_state` (`id`) ON DELETE RESTRICT ON UPDATE CASCADE,
  CONSTRAINT `eqe_conditions__instrument` FOREIGN KEY (`instrument_id`) REFERENCES `instrument` (`id`) ON DELETE RESTRICT ON UPDATE CASCADE,
  CONSTRAINT `eqe_conditions__session` FOREIGN KEY (`session_id`) REFERENCES `eqe_session` (`id`) ON DELETE CASCADE ON UPDATE CASCADE
) ENGINE=InnoDB DEFAULT CHARSET=utf8mb4 COLLATE=utf8mb4_0900_ai_ci;
/*!40101 SET character_set_client = @saved_cs_client */;

--
-- Dumping data for table `eqe_conditions`
--
-- WHERE:  1 limit 100

LOCK TABLES `eqe_conditions` WRITE;
/*!40000 ALTER TABLE `eqe_conditions` DISABLE KEYS */;
/*!40000 ALTER TABLE `eqe_conditions` ENABLE KEYS */;
UNLOCK TABLES;

--
-- Table structure for table `eqe_data`
--

DROP TABLE IF EXISTS `eqe_data`;
/*!40101 SET @saved_cs_client     = @@character_set_client */;
/*!50503 SET character_set_client = utf8mb4 */;
CREATE TABLE `eqe_data` (
  `id` int NOT NULL AUTO_INCREMENT,
  `wavelength` int NOT NULL,
  `light_current` float NOT NULL,
  `dark_current` float DEFAULT NULL,
  `std` float DEFAULT NULL,
  `eqe` float DEFAULT NULL,
  `responsivity` float DEFAULT NULL,
  `conditions_id` int NOT NULL,
  PRIMARY KEY (`id`),
  KEY `ix_eqe_data_conditions_id` (`conditions_id`),
  CONSTRAINT `eqe_data__conditions` FOREIGN KEY (`conditions_id`) REFERENCES `eqe_conditions` (`id`) ON DELETE CASCADE ON UPDATE CASCADE
) ENGINE=InnoDB DEFAULT CHARSET=utf8mb4 COLLATE=utf8mb4_0900_ai_ci;
/*!40101 SET character_set_client = @saved_cs_client */;

--
-- Dumping data for table `eqe_data`
--
-- WHERE:  1 limit 100

LOCK TABLES `eqe_data` WRITE;
/*!40000 ALTER TABLE `eqe_data` DISABLE KEYS */;
/*!40000 ALTER TABLE `eqe_data` ENABLE KEYS */;
UNLOCK TABLES;

--
-- Table structure for table `eqe_session`
--

DROP TABLE IF EXISTS `eqe_session`;
/*!40101 SET @saved_cs_client     = @@character_set_client */;
/*!50503 SET character_set_client = utf8mb4 */;
CREATE TABLE `eqe_session` (
  `id` int NOT NULL AUTO_INCREMENT,
  `date` date NOT NULL DEFAULT (curdate()),
  PRIMARY KEY (`id`)
) ENGINE=InnoDB DEFAULT CHARSET=utf8mb4 COLLATE=utf8mb4_0900_ai_ci;
/*!40101 SET character_set_client = @saved_cs_client */;

--
-- Dumping data for table `eqe_session`
--
-- WHERE:  1 limit 100

LOCK TABLES `eqe_session` WRITE;
/*!40000 ALTER TABLE `eqe_session` DISABLE KEYS */;
/*!40000 ALTER TABLE `eqe_session` ENABLE KEYS */;
UNLOCK TABLES;

--
-- Table structure for table `instrument`
--

DROP TABLE IF EXISTS `instrument`;
/*!40101 SET @saved_cs_client     = @@character_set_client */;
/*!50503 SET character_set_client = utf8mb4 */;
CREATE TABLE `instrument` (
  `id` smallint NOT NULL AUTO_INCREMENT,
  `name` varchar(100) DEFAULT NULL,
  PRIMARY KEY (`id`),
  UNIQUE KEY `instrument_name` (`name`)
) ENGINE=InnoDB AUTO_INCREMENT=3 DEFAULT CHARSET=utf8mb4 COLLATE=utf8mb4_0900_ai_ci;
/*!40101 SET character_set_client = @saved_cs_client */;

--
-- Dumping data for table `instrument`
--
-- WHERE:  1 limit 100

LOCK TABLES `instrument` WRITE;
/*!40000 ALTER TABLE `instrument` DISABLE KEYS */;
INSERT INTO `instrument` VALUES (1,'Keithley237'),(2,'XTRALIEN');
/*!40000 ALTER TABLE `instrument` ENABLE KEYS */;
UNLOCK TABLES;

--
-- Table structure for table `iv_data`
--

DROP TABLE IF EXISTS `iv_data`;
/*!40101 SET @saved_cs_client     = @@character_set_client */;
/*!50503 SET character_set_client = utf8mb4 */;
CREATE TABLE `iv_data` (
  `id` int NOT NULL AUTO_INCREMENT,
  `int_time` varchar(20) DEFAULT NULL,
  `temperature` float DEFAULT NULL,
  `voltage_input` decimal(10,5) NOT NULL,
  `anode_current` float NOT NULL,
  `cathode_current` float DEFAULT NULL,
  `anode_current_corrected` float DEFAULT NULL,
  `chip_state_id` int NOT NULL,
  `chip_id` int NOT NULL,
  `datetime` datetime NOT NULL DEFAULT CURRENT_TIMESTAMP,
  PRIMARY KEY (`id`),
  KEY `ix_iv_data_chip_id` (`chip_id`),
  KEY `ix_iv_data_chip_state_id` (`chip_state_id`),
  CONSTRAINT `iv_data__chip` FOREIGN KEY (`chip_id`) REFERENCES `chip` (`id`) ON DELETE CASCADE ON UPDATE CASCADE,
  CONSTRAINT `iv_data__chip_state` FOREIGN KEY (`chip_state_id`) REFERENCES `chip_state` (`id`) ON DELETE RESTRICT ON UPDATE CASCADE
) ENGINE=InnoDB AUTO_INCREMENT=363094 DEFAULT CHARSET=utf8mb4 COLLATE=utf8mb4_0900_ai_ci;
/*!40101 SET character_set_client = @saved_cs_client */;

--
-- Dumping data for table `iv_data`
--
-- WHERE:  1 limit 100

LOCK TABLES `iv_data` WRITE;
/*!40000 ALTER TABLE `iv_data` DISABLE KEYS */;
INSERT INTO `iv_data` VALUES (1,'SHORT',23.61,0.01000,-0.00000000002007,0.00000000012058,-0.0000000000243735,8,1,'2022-08-02 05:03:09'),(2,'SHORT',23.61,0.00900,-0.00000000001844,0.00000000011034,-0.000000000022394,8,1,'2022-08-02 05:03:09'),(3,'SHORT',23.61,0.00800,-0.00000000001671,0.00000000009999,-0.000000000020293,8,1,'2022-08-02 05:03:09'),(4,'SHORT',23.61,0.00700,-0.00000000001502,0.00000000008913,-0.0000000000182406,8,1,'2022-08-02 05:03:09'),(5,'SHORT',23.61,0.00600,-0.00000000001327,0.00000000007816,-0.0000000000161154,8,1,'2022-08-02 05:03:09'),(6,'SHORT',23.61,0.00500,-0.00000000001151,0.00000000006763,-0.000000000013978,8,1,'2022-08-02 05:03:09'),(7,'SHORT',23.61,0.00400,-0.00000000000961,0.00000000005608,-0.0000000000116706,8,1,'2022-08-02 05:03:09'),(8,'SHORT',23.61,0.00300,-0.00000000000749,0.00000000004412,-0.00000000000909603,8,1,'2022-08-02 05:03:09'),(9,'SHORT',23.61,0.00200,-0.00000000000547,0.00000000003181,-0.00000000000664289,8,1,'2022-08-02 05:03:09'),(10,'SHORT',23.61,0.00100,-0.00000000000341,0.00000000001901,-0.00000000000414118,8,1,'2022-08-02 05:03:09'),(11,'SHORT',23.61,0.00000,-0.00000000000119,0.0000000000057,-0.00000000000144516,8,1,'2022-08-02 05:03:09'),(12,'SHORT',23.61,-0.00100,0.00000000000099,-0.00000000000646,0.00000000000120228,8,1,'2022-08-02 05:03:09'),(13,'SHORT',23.61,-0.00200,0.00000000000333,-0.00000000002022,0.00000000000404403,8,1,'2022-08-02 05:03:09'),(14,'SHORT',23.61,-0.00300,0.00000000000577,-0.00000000003431,0.00000000000700722,8,1,'2022-08-02 05:03:09'),(15,'SHORT',23.61,-0.00400,0.00000000000823,-0.00000000004898,0.0000000000099947,8,1,'2022-08-02 05:03:09'),(16,'SHORT',23.61,-0.00500,0.00000000001093,-0.00000000006409,0.0000000000132736,8,1,'2022-08-02 05:03:09'),(17,'SHORT',23.61,-0.00600,0.00000000001373,-0.00000000007958,0.000000000016674,8,1,'2022-08-02 05:03:09'),(18,'SHORT',23.61,-0.00700,0.00000000001647,-0.00000000009539,0.0000000000200015,8,1,'2022-08-02 05:03:09'),(19,'SHORT',23.61,-0.00800,0.00000000001947,-0.00000000011165,0.0000000000236448,8,1,'2022-08-02 05:03:09'),(20,'SHORT',23.61,-0.00900,0.00000000002228,-0.00000000012718,0.0000000000270573,8,1,'2022-08-02 05:03:09'),(21,'SHORT',23.61,-0.01000,0.00000000002538,-0.00000000014446,0.0000000000308221,8,1,'2022-08-02 05:03:09'),(22,'SHORT',23.61,0.01000,-0.00000000002392,0.00000000012058,-0.000000000029049,8,2,'2022-08-02 05:03:09'),(23,'SHORT',23.61,0.00900,-0.00000000002201,0.00000000011034,-0.0000000000267295,8,2,'2022-08-02 05:03:09'),(24,'SHORT',23.61,0.00800,-0.00000000002026,0.00000000009999,-0.0000000000246042,8,2,'2022-08-02 05:03:09'),(25,'SHORT',23.61,0.00700,-0.00000000001829,0.00000000008913,-0.0000000000222118,8,2,'2022-08-02 05:03:09'),(26,'SHORT',23.61,0.00600,-0.00000000001632,0.00000000007816,-0.0000000000198194,8,2,'2022-08-02 05:03:09'),(27,'SHORT',23.61,0.00500,-0.00000000001437,0.00000000006763,-0.0000000000174513,8,2,'2022-08-02 05:03:09'),(28,'SHORT',23.61,0.00400,-0.00000000001217,0.00000000005608,-0.0000000000147795,8,2,'2022-08-02 05:03:09'),(29,'SHORT',23.61,0.00300,-0.00000000001003,0.00000000004412,-0.0000000000121807,8,2,'2022-08-02 05:03:09'),(30,'SHORT',23.61,0.00200,-0.00000000000792,0.00000000003181,-0.00000000000961823,8,2,'2022-08-02 05:03:09'),(31,'SHORT',23.61,0.00100,-0.00000000000532,0.00000000001901,-0.00000000000646073,8,2,'2022-08-02 05:03:09'),(32,'SHORT',23.61,0.00000,-0.00000000000272,0.0000000000057,-0.00000000000330323,8,2,'2022-08-02 05:03:09'),(33,'SHORT',23.61,-0.00100,-0.00000000000045,-0.00000000000646,-0.00000000000054649,8,2,'2022-08-02 05:03:09'),(34,'SHORT',23.61,-0.00200,0.00000000000222,-0.00000000002022,0.00000000000269602,8,2,'2022-08-02 05:03:09'),(35,'SHORT',23.61,-0.00300,0.00000000000473,-0.00000000003431,0.00000000000574422,8,2,'2022-08-02 05:03:09'),(36,'SHORT',23.61,-0.00400,0.00000000000765,-0.00000000004898,0.00000000000929034,8,2,'2022-08-02 05:03:09'),(37,'SHORT',23.61,-0.00500,0.0000000000106,-0.00000000006409,0.0000000000128729,8,2,'2022-08-02 05:03:09'),(38,'SHORT',23.61,-0.00600,0.00000000001349,-0.00000000007958,0.0000000000163826,8,2,'2022-08-02 05:03:09'),(39,'SHORT',23.61,-0.00700,0.00000000001673,-0.00000000009539,0.0000000000203173,8,2,'2022-08-02 05:03:09'),(40,'SHORT',23.61,-0.00800,0.00000000002009,-0.00000000011165,0.0000000000243978,8,2,'2022-08-02 05:03:09'),(41,'SHORT',23.61,-0.00900,0.00000000002296,-0.00000000012718,0.0000000000278832,8,2,'2022-08-02 05:03:09'),(42,'SHORT',23.61,-0.01000,0.00000000002644,-0.00000000014446,0.0000000000321093,8,2,'2022-08-02 05:03:09'),(43,'SHORT',23.61,0.01000,-0.00000000007672,0.00000000012058,-0.0000000000931705,8,3,'2022-08-02 05:03:09'),(44,'SHORT',23.61,0.00900,-0.00000000006981,0.00000000011034,-0.0000000000847789,8,3,'2022-08-02 05:03:09'),(45,'SHORT',23.61,0.00800,-0.00000000006298,0.00000000009999,-0.0000000000764844,8,3,'2022-08-02 05:03:09'),(46,'SHORT',23.61,0.00700,-0.00000000005588,0.00000000008913,-0.000000000067862,8,3,'2022-08-02 05:03:09'),(47,'SHORT',23.61,0.00600,-0.00000000004849,0.00000000007816,-0.0000000000588874,8,3,'2022-08-02 05:03:09'),(48,'SHORT',23.61,0.00500,-0.00000000004193,0.00000000006763,-0.0000000000509208,8,3,'2022-08-02 05:03:09'),(49,'SHORT',23.61,0.00400,-0.00000000003418,0.00000000005608,-0.000000000041509,8,3,'2022-08-02 05:03:09'),(50,'SHORT',23.61,0.00300,-0.00000000002646,0.00000000004412,-0.0000000000321336,8,3,'2022-08-02 05:03:09'),(51,'SHORT',23.61,0.00200,-0.00000000001846,0.00000000003181,-0.0000000000224182,8,3,'2022-08-02 05:03:09'),(52,'SHORT',23.61,0.00100,-0.00000000001033,0.00000000001901,-0.000000000012545,8,3,'2022-08-02 05:03:09'),(53,'SHORT',23.61,0.00000,-0.00000000000192,0.0000000000057,-0.00000000000233169,8,3,'2022-08-02 05:03:09'),(54,'SHORT',23.61,-0.00100,0.000000000006,-0.00000000000646,0.00000000000728654,8,3,'2022-08-02 05:03:09'),(55,'SHORT',23.61,-0.00200,0.00000000001483,-0.00000000002022,0.0000000000180099,8,3,'2022-08-02 05:03:09'),(56,'SHORT',23.61,-0.00300,0.00000000002389,-0.00000000003431,0.0000000000290126,8,3,'2022-08-02 05:03:09'),(57,'SHORT',23.61,-0.00400,0.00000000003314,-0.00000000004898,0.000000000040246,8,3,'2022-08-02 05:03:09'),(58,'SHORT',23.61,-0.00500,0.00000000004253,-0.00000000006409,0.0000000000516494,8,3,'2022-08-02 05:03:09'),(59,'SHORT',23.61,-0.00600,0.00000000005222,-0.00000000007958,0.0000000000634172,8,3,'2022-08-02 05:03:09'),(60,'SHORT',23.61,-0.00700,0.00000000006223,-0.00000000009539,0.0000000000755735,8,3,'2022-08-02 05:03:09'),(61,'SHORT',23.61,-0.00800,0.00000000007237,-0.00000000011165,0.0000000000878878,8,3,'2022-08-02 05:03:09'),(62,'SHORT',23.61,-0.00900,0.00000000008214,-0.00000000012718,0.0000000000997527,8,3,'2022-08-02 05:03:09'),(63,'SHORT',23.61,-0.01000,0.00000000009285,-0.00000000014446,0.000000000112759,8,3,'2022-08-02 05:03:09'),(64,'MED',23.66,20.00000,-0.0000000004049,0.0000000174166,-0.000000000488296,8,1,'2022-08-02 05:03:09'),(65,'MED',23.66,19.50000,-0.00000000039787,0.0000000171484,-0.000000000479818,8,1,'2022-08-02 05:03:09'),(66,'MED',23.66,19.00000,-0.00000000039216,0.0000000168579,-0.000000000472932,8,1,'2022-08-02 05:03:09'),(67,'MED',23.66,18.50000,-0.00000000038604,0.0000000165823,-0.000000000465551,8,1,'2022-08-02 05:03:09'),(68,'MED',23.66,18.00000,-0.00000000038182,0.0000000162871,-0.000000000460462,8,1,'2022-08-02 05:03:09'),(69,'MED',23.66,17.50000,-0.00000000037554,0.0000000159965,-0.000000000452889,8,1,'2022-08-02 05:03:09'),(70,'MED',23.66,17.00000,-0.00000000037008,0.0000000157004,-0.000000000446304,8,1,'2022-08-02 05:03:09'),(71,'MED',23.66,16.50000,-0.00000000036257,0.0000000154006,-0.000000000437247,8,1,'2022-08-02 05:03:09'),(72,'MED',23.66,16.00000,-0.00000000035862,0.000000015102,-0.000000000432484,8,1,'2022-08-02 05:03:09'),(73,'MED',23.66,15.50000,-0.00000000035069,0.0000000147872,-0.00000000042292,8,1,'2022-08-02 05:03:09'),(74,'MED',23.66,15.00000,-0.00000000034338,0.0000000144837,-0.000000000414105,8,1,'2022-08-02 05:03:09'),(75,'MED',23.66,14.50000,-0.00000000033818,0.0000000141692,-0.000000000407834,8,1,'2022-08-02 05:03:09'),(76,'MED',23.66,14.00000,-0.0000000003315,0.0000000138448,-0.000000000399778,8,1,'2022-08-02 05:03:09'),(77,'MED',23.66,13.50000,-0.00000000032393,0.000000013521,-0.000000000390649,8,1,'2022-08-02 05:03:09'),(78,'MED',23.66,13.00000,-0.00000000031617,0.0000000131832,-0.00000000038129,8,1,'2022-08-02 05:03:09'),(79,'MED',23.66,12.50000,-0.00000000031027,0.0000000128487,-0.000000000374175,8,1,'2022-08-02 05:03:09'),(80,'MED',23.66,12.00000,-0.00000000030308,0.0000000125116,-0.000000000365504,8,1,'2022-08-02 05:03:09'),(81,'MED',23.66,11.50000,-0.00000000029801,0.0000000121676,-0.00000000035939,8,1,'2022-08-02 05:03:09'),(82,'MED',23.66,11.00000,-0.00000000029038,0.0000000118069,-0.000000000350188,8,1,'2022-08-02 05:03:09'),(83,'MED',23.66,10.50000,-0.00000000028195,0.000000011441,-0.000000000340022,8,1,'2022-08-02 05:03:09'),(84,'MED',23.66,10.00000,-0.00000000027444,0.0000000110766,-0.000000000330965,8,1,'2022-08-02 05:03:09'),(85,'MED',23.66,9.50000,-0.0000000002675,0.0000000107041,-0.000000000322596,8,1,'2022-08-02 05:03:09'),(86,'MED',23.66,9.00000,-0.00000000026034,0.0000000103103,-0.000000000313961,8,1,'2022-08-02 05:03:09'),(87,'MED',23.66,8.50000,-0.00000000025457,0.00000000992756,-0.000000000307003,8,1,'2022-08-02 05:03:09'),(88,'MED',23.66,8.00000,-0.00000000024732,0.00000000952331,-0.00000000029826,8,1,'2022-08-02 05:03:09'),(89,'MED',23.66,7.50000,-0.0000000002397,0.00000000909897,-0.00000000028907,8,1,'2022-08-02 05:03:09'),(90,'MED',23.66,7.00000,-0.00000000023316,0.00000000867882,-0.000000000281183,8,1,'2022-08-02 05:03:09'),(91,'MED',23.66,6.50000,-0.00000000022369,0.00000000824555,-0.000000000269763,8,1,'2022-08-02 05:03:09'),(92,'MED',23.66,6.00000,-0.00000000021614,0.00000000778338,-0.000000000260658,8,1,'2022-08-02 05:03:09'),(93,'MED',23.66,5.50000,-0.00000000020808,0.000000007318,-0.000000000250937,8,1,'2022-08-02 05:03:09'),(94,'MED',23.66,5.00000,-0.00000000019918,0.0000000068295,-0.000000000240204,8,1,'2022-08-02 05:03:09'),(95,'MED',23.66,4.50000,-0.00000000018989,0.0000000063273,-0.000000000229001,8,1,'2022-08-02 05:03:09'),(96,'MED',23.66,4.00000,-0.00000000018144,0.00000000578983,-0.00000000021881,8,1,'2022-08-02 05:03:09'),(97,'MED',23.66,3.50000,-0.00000000017149,0.00000000524583,-0.000000000206811,8,1,'2022-08-02 05:03:09'),(98,'MED',23.66,3.00000,-0.00000000016103,0.00000000467001,-0.000000000194197,8,1,'2022-08-02 05:03:09'),(99,'MED',23.66,2.50000,-0.00000000014907,0.00000000406077,-0.000000000179773,8,1,'2022-08-02 05:03:09'),(100,'MED',23.66,2.00000,-0.00000000013672,0.00000000341173,-0.00000000016488,8,1,'2022-08-02 05:03:09');
/*!40000 ALTER TABLE `iv_data` ENABLE KEYS */;
UNLOCK TABLES;

--
-- Table structure for table `wafer`
--

DROP TABLE IF EXISTS `wafer`;
/*!40101 SET @saved_cs_client     = @@character_set_client */;
/*!50503 SET character_set_client = utf8mb4 */;
CREATE TABLE `wafer` (
  `id` int NOT NULL AUTO_INCREMENT,
  `name` varchar(20) NOT NULL,
  `record_created_at` datetime NOT NULL DEFAULT CURRENT_TIMESTAMP,
  `batch_id` varchar(10) DEFAULT NULL,
  PRIMARY KEY (`id`),
  UNIQUE KEY `wafer_name` (`name`)
) ENGINE=InnoDB AUTO_INCREMENT=74 DEFAULT CHARSET=utf8mb4 COLLATE=utf8mb4_0900_ai_ci;
/*!40101 SET character_set_client = @saved_cs_client */;

--
-- Dumping data for table `wafer`
--
-- WHERE:  1 limit 100

LOCK TABLES `wafer` WRITE;
/*!40000 ALTER TABLE `wafer` DISABLE KEYS */;
INSERT INTO `wafer` VALUES (1,'BP6','2022-08-02 05:03:09',NULL),(6,'TEST','2022-08-13 17:22:50',NULL),(7,'BP1','2022-08-15 05:47:55',NULL),(9,'BP2','2022-08-15 10:27:23',NULL),(13,'AC12','2022-08-25 07:58:48',NULL),(14,'AC8','2022-08-25 12:05:49',NULL),(15,'BP4','2022-09-02 05:03:57',NULL),(16,'BP5','2022-09-05 16:51:17',NULL),(17,'BP8','2022-09-06 16:07:33',NULL),(18,'BP3','2022-09-08 09:39:59',NULL),(19,'AY1','2022-09-15 04:40:37',NULL),(20,'AY9','2022-09-15 05:00:13',NULL),(21,'BP9','2022-09-21 04:32:21',NULL),(22,'BP10','2022-09-21 08:01:36',NULL),(23,'BP7','2022-09-23 11:17:30',NULL),(24,'AY3','2022-10-04 07:16:09',NULL),(25,'AD10','2022-10-04 07:17:09',NULL),(28,'BU16','2022-10-11 06:26:41','PFM2236B'),(29,'BU14','2022-10-12 12:22:19','PFM2236B'),(30,'BU15','2022-10-12 13:25:45','PFM2236B'),(31,'BU17','2022-10-13 05:19:41','PFM2236A'),(33,'BU12','2022-10-25 06:29:11','PFM2236B'),(34,'BU13','2022-10-25 11:19:54','PFM2236A'),(35,'BC5','2022-10-26 04:32:07',NULL),(36,'BC3','2022-10-26 06:03:36',NULL),(37,'BN13','2022-10-27 04:39:54',' PFM2239'),(38,'BN12','2022-10-27 05:41:00',' PFM2239'),(39,'BN11','2022-10-27 06:40:06',' PFM2239'),(40,'BN10','2022-10-27 07:43:23',' PFM2239'),(41,'BN9','2022-10-27 09:04:49',' PFM2239'),(42,'BB14-M0104','2022-11-08 06:51:26',NULL),(44,'BB14-M0105','2022-11-08 09:58:13',NULL),(45,'BB13-M0105','2022-11-08 12:16:54',NULL),(46,'BB12-M0104','2022-11-09 06:03:41',NULL),(47,'BB12-M0105','2022-11-09 07:54:13',NULL),(48,'BB13-M0101','2022-11-09 09:27:10',NULL),(49,'BB14-M0101','2022-11-09 11:00:01',NULL),(50,'BB12-M0703','2022-11-09 12:31:40',NULL),(51,'BB12-M0903','2022-11-10 06:52:32',NULL),(52,'BB13-M0203','2022-11-10 08:33:37',NULL),(53,'BB13-M0803','2022-11-10 09:59:26',NULL),(54,'BB13-M0903','2022-11-10 11:28:09',NULL),(55,'BB14-M0203','2022-11-10 12:59:48',NULL),(56,'BB14-M0603','2022-11-11 06:55:27',NULL),(58,'BB14-M0903','2022-11-11 10:33:16',NULL),(59,'BB8-M0104','2022-11-15 11:01:36',NULL),(60,'AB21','2022-11-15 11:42:10',NULL),(61,'AB22','2022-11-15 12:15:01',NULL),(62,'MR1','2022-11-16 10:41:37',NULL),(63,'BB15-M0102','2022-11-18 05:16:50',NULL),(64,'BB15-M0104','2022-11-18 07:30:47',NULL),(65,'BB15-M0105','2022-11-18 09:02:54',NULL),(66,'AY11','2022-11-29 12:22:20',NULL),(67,'BC4','2022-11-29 12:22:53',NULL),(68,'BT11','2022-11-30 06:07:34',NULL),(69,'BT25','2022-11-30 06:08:53',NULL),(72,'AB23','2022-12-09 09:11:26',NULL),(73,'AC10','2022-12-14 18:15:31',NULL);
/*!40000 ALTER TABLE `wafer` ENABLE KEYS */;
UNLOCK TABLES;
/*!40103 SET TIME_ZONE=@OLD_TIME_ZONE */;

/*!40101 SET SQL_MODE=@OLD_SQL_MODE */;
/*!40014 SET FOREIGN_KEY_CHECKS=@OLD_FOREIGN_KEY_CHECKS */;
/*!40014 SET UNIQUE_CHECKS=@OLD_UNIQUE_CHECKS */;
/*!40101 SET CHARACTER_SET_CLIENT=@OLD_CHARACTER_SET_CLIENT */;
/*!40101 SET CHARACTER_SET_RESULTS=@OLD_CHARACTER_SET_RESULTS */;
/*!40101 SET COLLATION_CONNECTION=@OLD_COLLATION_CONNECTION */;
/*!40111 SET SQL_NOTES=@OLD_SQL_NOTES */;

-- Dump completed on 2022-12-15  6:35:31
